ticket_no,train_no,carriage_no,seat_no,passenger_name,passenger_id,departure,destination,departure_time,arrival_time
HB9567,SH6634,B,11,李言,310228198706300137,武汉,上海,2020-02-09|19:30,2020-02-10|10:30
HA6749,SH6634,C,23,朱艳,310228198808241049,武汉,上海,2020-02-09|19:30,2020-02-10|10:30
HC7746,SH6634,D,14,肖人风,310228198907141175,武汉,上海,2020-02-09|19:30,2020-02-10|10:30
HD8279,SH6634,A,22,黄军,310228199009212154,武汉,上海,2020-02-09|19:30,2020-02-10|10:30
HM3324,SH6634,C,12,周子明,310228199101304567,武汉,上海,2020-02-09|19:30,2020-02-10|10:30
HB4597,SH6634,D,23,张燕,310228199204213278,武汉,上海,2020-02-09|19:30,2020-02-10|10:30
HA2163,SH6634,E,07,江大仁,310228199305213306,武汉,上海,2020-02-09|19:30,2020-02-10|10:30
HC5632,SH6634,A,03,袁天罡,310228199411010721,武汉,上海,2020-02-09|19:30,2020-02-10|10:30
HB3306,SH6634,B,09,马鹏,310228199503220823,武汉,上海,2020-02-09|19:30,2020-02-10|10:30
HA1601,SH6634,C,11,梁冬,310228199307290931,重庆,上海,2020-02-09|15:30,2020-02-10|10:30
HA2703,SH6634,D,15,赵珂,310228199106151321,四川,上海,2020-02-09|12:30,2020-02-10|10:30
HC7734,SH6634,F,13,戴拿,310228199212012371,拉萨,上海,2020-02-09|06:30,2020-02-10|10:30